{"cameraMode":{"drawMode":0,"name":"Shaded","section":"Shading Mode"},"sceneLighting":false,"audioPlay":false,"sceneViewState":{"showFog":true,"showMaterialUpdate":false,"showSkybox":false,"showFlares":true,"showImageEffects":true,"showParticleSystems":true},"in2DMode":false,"pivot":{"x":5.265096664428711,"y":5.122376441955566,"z":2.297640085220337},"rotation":{"x":0.23033954203128816,"y":-0.760592520236969,"z":0.3564873933792114,"w":0.49137789011001589},"size":1.4150971174240113,"orthographic":false}