{"cameraMode":{"drawMode":0,"name":"Shaded","section":"Shading Mode"},"sceneLighting":true,"audioPlay":false,"sceneViewState":{"showFog":true,"showMaterialUpdate":false,"showSkybox":true,"showFlares":true,"showImageEffects":true,"showParticleSystems":true},"in2DMode":false,"pivot":{"x":70.97346496582031,"y":17.48894500732422,"z":38.664825439453128},"rotation":{"x":-0.28841617703437807,"y":-0.10291560739278794,"z":0.031125089153647424,"w":-0.9514975547790527},"size":110.68413543701172,"orthographic":false}